﻿<?xml version="1.0"?>
<doc>
<assembly>
<name>
Quiz_Corona
</name>
</assembly>
<members>
<member name="P:Quiz_Corona.My.Resources.Resources.ResourceManager">
	<summary>
  Returns the cached ResourceManager instance used by this class.
</summary>
</member><member name="P:Quiz_Corona.My.Resources.Resources.Culture">
	<summary>
  Overrides the current thread's CurrentUICulture property for all
  resource lookups using this strongly typed resource class.
</summary>
</member><member name="P:Quiz_Corona.My.Resources.Resources.Health_Env">
	<summary>
  Looks up a localized resource of type System.Drawing.Bitmap.
</summary>
</member><member name="P:Quiz_Corona.My.Resources.Resources.human_discotic">
	<summary>
  Looks up a localized resource of type System.Drawing.Bitmap.
</summary>
</member><member name="P:Quiz_Corona.My.Resources.Resources.human_Karoke">
	<summary>
  Looks up a localized resource of type System.Drawing.Bitmap.
</summary>
</member><member name="P:Quiz_Corona.My.Resources.Resources.human_sanitizer">
	<summary>
  Looks up a localized resource of type System.Drawing.Bitmap.
</summary>
</member><member name="T:Quiz_Corona.My.Resources.Resources">
	<summary>
  A strongly-typed resource class, for looking up localized strings, etc.
</summary>
</member>
</members>
</doc>