﻿<?xml version="1.0"?>
<doc>
<assembly>
<name>
Quiz22
</name>
</assembly>
<members>
<member name="P:Quiz22.My.Resources.Resources.ResourceManager">
	<summary>
  Returns the cached ResourceManager instance used by this class.
</summary>
</member><member name="P:Quiz22.My.Resources.Resources.Culture">
	<summary>
  Overrides the current thread's CurrentUICulture property for all
  resource lookups using this strongly typed resource class.
</summary>
</member><member name="T:Quiz22.My.Resources.Resources">
	<summary>
  A strongly-typed resource class, for looking up localized strings, etc.
</summary>
</member><member name="T:Quiz22.dataDataSet.namaDataTable">
	<summary>
Represents the strongly named DataTable class.
</summary>
</member><member name="T:Quiz22.dataDataSet.namaRow">
	<summary>
Represents strongly named DataRow class.
</summary>
</member><member name="T:Quiz22.dataDataSet.namaRowChangeEvent">
	<summary>
Row event argument class
</summary>
</member><member name="T:Quiz22.dataDataSet">
	<summary>
Represents a strongly typed in-memory cache of data.
</summary>
</member><member name="T:Quiz22.dataDataSetTableAdapters.namaTableAdapter">
	<summary>
Represents the connection and commands used to retrieve and save data.
</summary>
</member><member name="M:Quiz22.dataDataSetTableAdapters.TableAdapterManager.UpdateUpdatedRows(Quiz22.dataDataSet,System.Collections.Generic.List{System.Data.DataRow},System.Collections.Generic.List{System.Data.DataRow})">
	<summary>
Update rows in top-down order.
</summary>
</member><member name="M:Quiz22.dataDataSetTableAdapters.TableAdapterManager.UpdateInsertedRows(Quiz22.dataDataSet,System.Collections.Generic.List{System.Data.DataRow})">
	<summary>
Insert rows in top-down order.
</summary>
</member><member name="M:Quiz22.dataDataSetTableAdapters.TableAdapterManager.UpdateDeletedRows(Quiz22.dataDataSet,System.Collections.Generic.List{System.Data.DataRow})">
	<summary>
Delete rows in bottom-up order.
</summary>
</member><member name="M:Quiz22.dataDataSetTableAdapters.TableAdapterManager.GetRealUpdatedRows(System.Data.DataRow[],System.Collections.Generic.List{System.Data.DataRow})">
	<summary>
Remove inserted rows that become updated rows after calling TableAdapter.Update(inserted rows) first
</summary>
</member><member name="M:Quiz22.dataDataSetTableAdapters.TableAdapterManager.UpdateAll(Quiz22.dataDataSet)">
	<summary>
Update all changes to the dataset.
</summary>
</member><member name="T:Quiz22.dataDataSetTableAdapters.TableAdapterManager.UpdateOrderOption">
	<summary>
Update Order Option
</summary>
</member><member name="T:Quiz22.dataDataSetTableAdapters.TableAdapterManager.SelfReferenceComparer">
	<summary>
Used to sort self-referenced table's rows
</summary>
</member><member name="T:Quiz22.dataDataSetTableAdapters.TableAdapterManager">
	<summary>
TableAdapterManager is used to coordinate TableAdapters in the dataset to enable Hierarchical Update scenarios
</summary>
</member>
</members>
</doc>